Time,AMO
1950 Jan,0.106
1950 Feb,-0.038
1950 Mar,-0.11
1950 Apr,-0.135
1950 May,-0.063
1950 Jun,-0.047
1950 Jul,-0.06
1950 Aug,0.016
1950 Sep,0.005
1950 Oct,-0.095
1950 Nov,0.075
1950 Dec,0.084
1951 Jan,0.098
1951 Feb,-0.006
1951 Mar,0.008
1951 Apr,0.164
1951 May,0.168
1951 Jun,0.285
1951 Jul,0.417
1951 Aug,0.299
1951 Sep,0.245
1951 Oct,0.254
1951 Nov,0.17
1951 Dec,0.17
1952 Jan,0.167
1952 Feb,0.178
1952 Mar,0.226
1952 Apr,0.186
1952 May,0.176
1952 Jun,0.378
1952 Jul,0.367
1952 Aug,0.399
1952 Sep,0.357
1952 Oct,0.35
1952 Nov,0.245
1952 Dec,0.335
1953 Jan,0.26
1953 Feb,0.18
1953 Mar,0.136
1953 Apr,0.308
1953 May,0.337
1953 Jun,0.27
1953 Jul,0.338
1953 Aug,0.253
1953 Sep,0.275
1953 Oct,0.143
1953 Nov,0.239
1953 Dec,0.253
1954 Jan,0.222
1954 Feb,0.09
1954 Mar,0.095
1954 Apr,-0.019
1954 May,0.064
1954 Jun,0.094
1954 Jul,-0.05
1954 Aug,-0.02
1954 Sep,-0.016
1954 Oct,-0.038
1954 Nov,-0.032
1954 Dec,-0.057
1955 Jan,0.07
1955 Feb,0.035
1955 Mar,0.036
1955 Apr,0.09
1955 May,0.171
1955 Jun,0.188
1955 Jul,0.263
1955 Aug,0.169
1955 Sep,0.197
1955 Oct,0.274
1955 Nov,0.381
1955 Dec,0.251
1956 Jan,0.181
1956 Feb,0.089
1956 Mar,0.008
1956 Apr,0.058
1956 May,-0.064
1956 Jun,-0.27
1956 Jul,-0.096
1956 Aug,-0.104
1956 Sep,-0.095
1956 Oct,-0.049
1956 Nov,-0.093
1956 Dec,0.013
1957 Jan,-0.087
1957 Feb,-0.112
1957 Mar,-0.025
1957 Apr,-0.08
1957 May,-0.127
1957 Jun,-0.018
1957 Jul,0.034
1957 Aug,0.196
1957 Sep,0.215
1957 Oct,0.143
1957 Nov,0.078
1957 Dec,0.073
1958 Jan,0.042
1958 Feb,0.183
1958 Mar,0.338
1958 Apr,0.34
1958 May,0.195
1958 Jun,0.215
1958 Jul,0.158
1958 Aug,0.155
1958 Sep,0.206
1958 Oct,0.145
1958 Nov,0.179
1958 Dec,0.213
1959 Jan,0.093
1959 Feb,0.108
1959 Mar,-0.034
1959 Apr,-0.011
1959 May,0
1959 Jun,-0.066
1959 Jul,-0.038
1959 Aug,0.005
1959 Sep,0.118
1959 Oct,0.105
1959 Nov,0.044
1959 Dec,0.103
1960 Jan,0.169
1960 Feb,0.209
1960 Mar,0.081
1960 Apr,0.09
1960 May,0.295
1960 Jun,0.312
1960 Jul,0.263
1960 Aug,0.328
1960 Sep,0.204
1960 Oct,0.289
1960 Nov,0.243
1960 Dec,0.13
1961 Jan,0.053
1961 Feb,0.074
1961 Mar,0.141
1961 Apr,0.219
1961 May,0.186
1961 Jun,0.025
1961 Jul,-0.026
1961 Aug,0.028
1961 Sep,-0.005
1961 Oct,0.022
1961 Nov,0.06
1961 Dec,0.206
1962 Jan,0.141
1962 Feb,0.144
1962 Mar,0.158
1962 Apr,0.08
1962 May,0.015
1962 Jun,-0.079
1962 Jul,-0.016
1962 Aug,-0.071
1962 Sep,-0.004
1962 Oct,0.058
1962 Nov,0.038
1962 Dec,0.182
1963 Jan,0.149
1963 Feb,0.158
1963 Mar,0.125
1963 Apr,0.096
1963 May,-0.093
1963 Jun,-0.055
1963 Jul,-0.044
1963 Aug,-0.082
1963 Sep,-0.21
1963 Oct,-0.08
1963 Nov,-0.065
1963 Dec,-0.069
1964 Jan,-0.084
1964 Feb,0.013
1964 Mar,0.031
1964 Apr,-0.155
1964 May,0.032
1964 Jun,-0.005
1964 Jul,-0.152
1964 Aug,-0.243
1964 Sep,-0.228
1964 Oct,-0.28
1964 Nov,-0.174
1964 Dec,-0.13
1965 Jan,-0.207
1965 Feb,-0.186
1965 Mar,-0.086
1965 Apr,-0.106
1965 May,-0.107
1965 Jun,-0.135
1965 Jul,-0.197
1965 Aug,-0.219
1965 Sep,-0.231
1965 Oct,-0.257
1965 Nov,-0.285
1965 Dec,-0.132
1966 Jan,-0.085
1966 Feb,0.001
1966 Mar,-0.019
1966 Apr,0.035
1966 May,-0.008
1966 Jun,-0.054
1966 Jul,-0.065
1966 Aug,-0.053
1966 Sep,-0.009
1966 Oct,0.004
1966 Nov,-0.006
1966 Dec,0.071
1967 Jan,0.072
1967 Feb,0.079
1967 Mar,-0.043
1967 Apr,-0.025
1967 May,-0.196
1967 Jun,-0.27
1967 Jul,-0.24
1967 Aug,-0.174
1967 Sep,-0.106
1967 Oct,-0.109
1967 Nov,-0.244
1967 Dec,-0.162
1968 Jan,-0.256
1968 Feb,-0.208
1968 Mar,-0.218
1968 Apr,-0.165
1968 May,-0.133
1968 Jun,-0.272
1968 Jul,-0.239
1968 Aug,-0.223
1968 Sep,-0.16
1968 Oct,-0.123
1968 Nov,-0.118
1968 Dec,-0.137
1969 Jan,-0.073
1969 Feb,0.094
1969 Mar,0.197
1969 Apr,0.139
1969 May,0
1969 Jun,0.018
1969 Jul,0.084
1969 Aug,-0.111
1969 Sep,-0.117
1969 Oct,-0.195
1969 Nov,-0.134
1969 Dec,-0.042
1970 Jan,-0.02
1970 Feb,-0.059
1970 Mar,0.009
1970 Apr,0.01
1970 May,-0.057
1970 Jun,-0.193
1970 Jul,-0.21
1970 Aug,-0.151
1970 Sep,-0.148
1970 Oct,-0.206
1970 Nov,-0.251
1970 Dec,-0.22
1971 Jan,-0.256
1971 Feb,-0.302
1971 Mar,-0.32
1971 Apr,-0.423
1971 May,-0.337
1971 Jun,-0.373
1971 Jul,-0.36
1971 Aug,-0.446
1971 Sep,-0.376
1971 Oct,-0.245
1971 Nov,-0.253
1971 Dec,-0.319
1972 Jan,-0.328
1972 Feb,-0.39
1972 Mar,-0.449
1972 Apr,-0.336
1972 May,-0.479
1972 Jun,-0.498
1972 Jul,-0.385
1972 Aug,-0.393
1972 Sep,-0.313
1972 Oct,-0.296
1972 Nov,-0.287
1972 Dec,-0.361
1973 Jan,-0.384
1973 Feb,-0.403
1973 Mar,-0.354
1973 Apr,-0.274
1973 May,-0.179
1973 Jun,-0.185
1973 Jul,-0.114
1973 Aug,-0.143
1973 Sep,-0.141
1973 Oct,-0.226
1973 Nov,-0.219
1973 Dec,-0.248
1974 Jan,-0.286
1974 Feb,-0.294
1974 Mar,-0.411
1974 Apr,-0.533
1974 May,-0.51
1974 Jun,-0.457
1974 Jul,-0.525
1974 Aug,-0.478
1974 Sep,-0.516
1974 Oct,-0.518
1974 Nov,-0.436
1974 Dec,-0.371
1975 Jan,-0.283
1975 Feb,-0.349
1975 Mar,-0.319
1975 Apr,-0.355
1975 May,-0.398
1975 Jun,-0.305
1975 Jul,-0.282
1975 Aug,-0.195
1975 Sep,-0.346
1975 Oct,-0.364
1975 Nov,-0.351
1975 Dec,-0.332
1976 Jan,-0.395
1976 Feb,-0.451
1976 Mar,-0.504
1976 Apr,-0.436
1976 May,-0.498
1976 Jun,-0.494
1976 Jul,-0.317
1976 Aug,-0.195
1976 Sep,-0.203
1976 Oct,-0.303
1976 Nov,-0.426
1976 Dec,-0.442
1977 Jan,-0.399
1977 Feb,-0.343
1977 Mar,-0.193
1977 Apr,-0.227
1977 May,-0.18
1977 Jun,-0.117
1977 Jul,-0.116
1977 Aug,-0.155
1977 Sep,-0.242
1977 Oct,-0.234
1977 Nov,-0.153
1977 Dec,-0.215
1978 Jan,-0.116
1978 Feb,-0.157
1978 Mar,-0.168
1978 Apr,-0.205
1978 May,-0.214
1978 Jun,-0.343
1978 Jul,-0.286
1978 Aug,-0.237
1978 Sep,-0.2
1978 Oct,-0.217
1978 Nov,-0.129
1978 Dec,-0.192
1979 Jan,-0.202
1979 Feb,-0.161
1979 Mar,-0.238
1979 Apr,-0.247
1979 May,-0.127
1979 Jun,-0.051
1979 Jul,-0.104
1979 Aug,-0.125
1979 Sep,-0.119
1979 Oct,-0.097
1979 Nov,-0.095
1979 Dec,-0.069
1980 Jan,-0.011
1980 Feb,-0.087
1980 Mar,-0.148
1980 Apr,-0.01
1980 May,0.12
1980 Jun,0.099
1980 Jul,0.041
1980 Aug,0.014
1980 Sep,-0.017
1980 Oct,-0.071
1980 Nov,-0.206
1980 Dec,-0.258
1981 Jan,-0.186
1981 Feb,-0.185
1981 Mar,-0.003
1981 Apr,-0.1
1981 May,-0.088
1981 Jun,-0.066
1981 Jul,-0.099
1981 Aug,-0.12
1981 Sep,-0.041
1981 Oct,-0.191
1981 Nov,-0.141
1981 Dec,-0.011
1982 Jan,-0.085
1982 Feb,-0.083
1982 Mar,-0.085
1982 Apr,-0.187
1982 May,-0.196
1982 Jun,-0.189
1982 Jul,-0.233
1982 Aug,-0.313
1982 Sep,-0.312
1982 Oct,-0.376
1982 Nov,-0.421
1982 Dec,-0.385
1983 Jan,-0.303
1983 Feb,-0.108
1983 Mar,0.077
1983 Apr,0.055
1983 May,-0.053
1983 Jun,-0.059
1983 Jul,-0.02
1983 Aug,-0.163
1983 Sep,-0.22
1983 Oct,-0.2
1983 Nov,-0.163
1983 Dec,-0.007
1984 Jan,-0.111
1984 Feb,-0.093
1984 Mar,-0.129
1984 Apr,-0.162
1984 May,-0.17
1984 Jun,-0.329
1984 Jul,-0.271
1984 Aug,-0.23
1984 Sep,-0.213
1984 Oct,-0.348
1984 Nov,-0.429
1984 Dec,-0.323
1985 Jan,-0.359
1985 Feb,-0.334
1985 Mar,-0.361
1985 Apr,-0.406
1985 May,-0.342
1985 Jun,-0.133
1985 Jul,-0.158
1985 Aug,-0.286
1985 Sep,-0.253
1985 Oct,-0.25
1985 Nov,-0.3
1985 Dec,-0.342
1986 Jan,-0.348
1986 Feb,-0.28
1986 Mar,-0.298
1986 Apr,-0.33
1986 May,-0.234
1986 Jun,-0.267
1986 Jul,-0.254
1986 Aug,-0.278
1986 Sep,-0.225
1986 Oct,-0.324
1986 Nov,-0.403
1986 Dec,-0.377
1987 Jan,-0.283
1987 Feb,-0.223
1987 Mar,-0.038
1987 Apr,0.024
1987 May,0.062
1987 Jun,0.197
1987 Jul,0.274
1987 Aug,0.274
1987 Sep,0.188
1987 Oct,0.041
1987 Nov,-0.076
1987 Dec,0.037
1988 Jan,-0.048
1988 Feb,-0.123
1988 Mar,-0.017
1988 Apr,0.044
1988 May,0.13
1988 Jun,0.157
1988 Jul,0.101
1988 Aug,-0.017
1988 Sep,-0.104
1988 Oct,-0.18
1988 Nov,-0.156
1988 Dec,-0.173
1989 Jan,-0.23
1989 Feb,-0.166
1989 Mar,-0.262
1989 Apr,-0.299
1989 May,-0.156
1989 Jun,0.081
1989 Jul,0.168
1989 Aug,0.103
1989 Sep,-0.104
1989 Oct,-0.133
1989 Nov,-0.159
1989 Dec,-0.163
1990 Jan,-0.309
1990 Feb,-0.171
1990 Mar,-0.188
1990 Apr,-0.127
1990 May,-0.068
1990 Jun,-0.066
1990 Jul,-0.032
1990 Aug,0.043
1990 Sep,0.137
1990 Oct,0.103
1990 Nov,-0.064
1990 Dec,-0.046
1991 Jan,-0.205
1991 Feb,-0.127
1991 Mar,-0.079
1991 Apr,-0.143
1991 May,-0.164
1991 Jun,-0.14
1991 Jul,-0.118
1991 Aug,-0.12
1991 Sep,-0.048
1991 Oct,-0.273
1991 Nov,-0.272
1991 Dec,-0.225
1992 Jan,-0.202
1992 Feb,-0.106
1992 Mar,-0.104
1992 Apr,-0.196
1992 May,-0.234
1992 Jun,-0.162
1992 Jul,-0.231
1992 Aug,-0.392
1992 Sep,-0.381
1992 Oct,-0.312
1992 Nov,-0.346
1992 Dec,-0.297
1993 Jan,-0.252
1993 Feb,-0.199
1993 Mar,-0.256
1993 Apr,-0.186
1993 May,-0.176
1993 Jun,-0.194
1993 Jul,-0.289
1993 Aug,-0.241
1993 Sep,-0.177
1993 Oct,-0.256
1993 Nov,-0.331
1993 Dec,-0.306
1994 Jan,-0.309
1994 Feb,-0.322
1994 Mar,-0.292
1994 Apr,-0.213
1994 May,-0.22
1994 Jun,-0.235
1994 Jul,-0.244
1994 Aug,-0.249
1994 Sep,-0.165
1994 Oct,-0.073
1994 Nov,-0.033
1994 Dec,-0.104
1995 Jan,-0.076
1995 Feb,-0.053
1995 Mar,0.003
1995 Apr,0.062
1995 May,0.258
1995 Jun,0.35
1995 Jul,0.3
1995 Aug,0.169
1995 Sep,0.04
1995 Oct,0.088
1995 Nov,0.113
1995 Dec,0.028
1996 Jan,-0.024
1996 Feb,-0.046
1996 Mar,-0.071
1996 Apr,-0.005
1996 May,-0.079
1996 Jun,-0.138
1996 Jul,-0.119
1996 Aug,-0.023
1996 Sep,-0.016
1996 Oct,-0.159
1996 Nov,-0.188
1996 Dec,-0.169
1997 Jan,-0.105
1997 Feb,-0.05
1997 Mar,-0.009
1997 Apr,-0.007
1997 May,0.025
1997 Jun,-0.006
1997 Jul,0.046
1997 Aug,0.001
1997 Sep,0.095
1997 Oct,0.136
1997 Nov,0.037
1997 Dec,0.117
1998 Jan,0.116
1998 Feb,0.277
1998 Mar,0.307
1998 Apr,0.277
1998 May,0.369
1998 Jun,0.475
1998 Jul,0.473
1998 Aug,0.498
1998 Sep,0.398
1998 Oct,0.367
1998 Nov,0.302
1998 Dec,0.265
1999 Jan,0.036
1999 Feb,0.043
1999 Mar,0.054
1999 Apr,0.037
1999 May,0.148
1999 Jun,0.165
1999 Jul,0.183
1999 Aug,0.292
1999 Sep,0.17
1999 Oct,0.002
1999 Nov,-0.063
1999 Dec,0
2000 Jan,-0.098
2000 Feb,-0.053
2000 Mar,0.089
2000 Apr,0.027
2000 May,0.09
2000 Jun,-0.033
2000 Jul,0.057
2000 Aug,0.088
2000 Sep,0.087
2000 Oct,-0.055
2000 Nov,-0.068
2000 Dec,-0.142
2001 Jan,-0.142
2001 Feb,-0.042
2001 Mar,0
2001 Apr,-0.027
2001 May,-0.024
2001 Jun,0.183
2001 Jul,0.12
2001 Aug,0.163
2001 Sep,0.271
2001 Oct,0.236
2001 Nov,0.141
2001 Dec,0.198
2002 Jan,0.166
2002 Feb,0.15
2002 Mar,0.13
2002 Apr,0.012
2002 May,-0.063
2002 Jun,-0.132
2002 Jul,-0.081
2002 Aug,0.091
2002 Sep,0.065
2002 Oct,0.096
2002 Nov,0.004
2002 Dec,-0.011
2003 Jan,0.035
2003 Feb,-0.028
2003 Mar,0.097
2003 Apr,0.064
2003 May,0.136
2003 Jun,0.19
2003 Jul,0.261
2003 Aug,0.4
2003 Sep,0.436
2003 Oct,0.411
2003 Nov,0.208
2003 Dec,0.209
2004 Jan,0.195
2004 Feb,0.194
2004 Mar,0.143
2004 Apr,0.093
2004 May,-0.01
2004 Jun,0.162
2004 Jul,0.212
2004 Aug,0.301
2004 Sep,0.225
2004 Oct,0.227
2004 Nov,0.205
2004 Dec,0.172
2005 Jan,0.095
2005 Feb,0.11
2005 Mar,0.269
2005 Apr,0.277
2005 May,0.278
2005 Jun,0.311
2005 Jul,0.431
2005 Aug,0.424
2005 Sep,0.403
2005 Oct,0.222
2005 Nov,0.124
2005 Dec,0.201
2006 Jan,0.108
2006 Feb,0.059
2006 Mar,0.044
2006 Apr,0.182
2006 May,0.293
2006 Jun,0.318
2006 Jul,0.359
2006 Aug,0.385
2006 Sep,0.348
2006 Oct,0.319
2006 Nov,0.273
2006 Dec,0.156
2007 Jan,0.155
2007 Feb,0.201
2007 Mar,0.111
2007 Apr,0.143
2007 May,0.096
2007 Jun,0.073
2007 Jul,0.113
2007 Aug,0.039
2007 Sep,0.082
2007 Oct,0.142
2007 Nov,0.16
2007 Dec,0.095
2008 Jan,0.014
2008 Feb,0.113
2008 Mar,0.143
2008 Apr,0.027
2008 May,0.156
2008 Jun,0.24
2008 Jul,0.19
2008 Aug,0.159
2008 Sep,0.183
2008 Oct,0.087
2008 Nov,-0.015
2008 Dec,0.003
2009 Jan,-0.075
2009 Feb,-0.18
2009 Mar,-0.176
2009 Apr,-0.147
2009 May,-0.077
2009 Jun,0.105
2009 Jul,0.212
2009 Aug,0.137
2009 Sep,0.041
2009 Oct,0.148
2009 Nov,0.053
2009 Dec,0.066
2010 Jan,0.024
2010 Feb,0.161
2010 Mar,0.271
2010 Apr,0.41
2010 May,0.443
2010 Jun,0.431
2010 Jul,0.434
2010 Aug,0.509
2010 Sep,0.433
2010 Oct,0.308
2010 Nov,0.219
2010 Dec,0.192
2011 Jan,0.127
2011 Feb,0.092
2011 Mar,0.039
2011 Apr,0.076
2011 May,0.136
2011 Jun,0.162
2011 Jul,0.075
2011 Aug,0.13
2011 Sep,0.128
2011 Oct,0.046
2011 Nov,-0.087
2011 Dec,-0.061
2012 Jan,-0.081
2012 Feb,-0.012
2012 Mar,0.009
2012 Apr,0.064
2012 May,0.148
2012 Jun,0.284
2012 Jul,0.359
2012 Aug,0.414
2012 Sep,0.432
2012 Oct,0.313
2012 Nov,0.148
2012 Dec,0.124
2013 Jan,0.111
2013 Feb,0.099
2013 Mar,0.141
2013 Apr,0.12
2013 May,0.084
2013 Jun,0.03
2013 Jul,0.173
2013 Aug,0.178
2013 Sep,0.238
2013 Oct,0.33
2013 Nov,0.111
2013 Dec,0.02
2014 Jan,-0.079
2014 Feb,-0.06
2014 Mar,-0.098
2014 Apr,-0.111
2014 May,-0.018
2014 Jun,0.045
2014 Jul,0.205
2014 Aug,0.318
2014 Sep,0.293
2014 Oct,0.275
2014 Nov,0.048
2014 Dec,0.041
2015 Jan,-0.025
2015 Feb,-0.021
2015 Mar,-0.146
2015 Apr,-0.089
2015 May,0.027
2015 Jun,0.012
2015 Jul,0.115
2015 Aug,0.161
2015 Sep,0.283
2015 Oct,0.307
2015 Nov,0.169
2015 Dec,0.212
2016 Jan,0.214
2016 Feb,0.138
2016 Mar,0.171
2016 Apr,0.159
2016 May,0.327
2016 Jun,0.392
2016 Jul,0.414
2016 Aug,0.439
2016 Sep,0.44
2016 Oct,0.363
2016 Nov,0.373
2016 Dec,0.317
2017 Jan,0.208
2017 Feb,0.209
2017 Mar,0.15
2017 Apr,0.265
2017 May,0.296
2017 Jun,0.29
2017 Jul,0.285
2017 Aug,0.292
2017 Sep,0.332
2017 Oct,0.416
2017 Nov,0.334
2017 Dec,0.346
2018 Jan,0.155
2018 Feb,0.044
2018 Mar,0.114
2018 Apr,0.046
2018 May,-0.018
2018 Jun,-0.029
2018 Jul,0
2018 Aug,0.095
2018 Sep,0.144
2018 Oct,0.126
2018 Nov,-0.139
2018 Dec,-0.078
2019 Jan,-0.033
2019 Feb,0.063
2019 Mar,0.103
2019 Apr,0.106
2019 May,0.07
2019 Jun,0.156
2019 Jul,0.334
2019 Aug,0.32
2019 Sep,0.227
2019 Oct,0.141
2019 Nov,0.092
2019 Dec,0.147
2020 Jan,0.078
2020 Feb,0.338
2020 Mar,0.351
2020 Apr,0.352
2020 May,0.248
2020 Jun,0.254
2020 Jul,0.346
2020 Aug,0.43
2020 Sep,0.301
2020 Oct,0.294
2020 Nov,0.118
2020 Dec,0.168
2021 Jan,0.131
2021 Feb,0.144
2021 Mar,0.117
2021 Apr,0.059
2021 May,0.077
2021 Jun,0.144
2021 Jul,0.215
2021 Aug,0.25
2021 Sep,0.407
2021 Oct,0.48
2021 Nov,0.451
2021 Dec,0.257
2022 Jan,0.181
2022 Feb,0.138
2022 Mar,0.014
2022 Apr,0.115