Time,SPEI
1950 Jan,1.92
1950 Feb,1.22
1950 Mar,-0.35
1950 Apr,1.23
1950 May,-0.98
1950 Jun,0.81
1950 Jul,0.51
1950 Aug,0.19
1950 Sep,0.26
1950 Oct,-1.46
1950 Nov,0.2
1950 Dec,-0.75
1951 Jan,0.11
1951 Feb,1.53
1951 Mar,0.67
1951 Apr,0.21
1951 May,-0.48
1951 Jun,0.98
1951 Jul,0.72
1951 Aug,0.44
1951 Sep,0.33
1951 Oct,0.29
1951 Nov,0.74
1951 Dec,0.14
1952 Jan,-0.11
1952 Feb,-0.47
1952 Mar,0.89
1952 Apr,0.07
1952 May,-0.23
1952 Jun,-0.09
1952 Jul,-0.32
1952 Aug,0
1952 Sep,-0.74
1952 Oct,-1.01
1952 Nov,0.28
1952 Dec,-0.05
1953 Jan,-0.1
1953 Feb,-0.29
1953 Mar,0.82
1953 Apr,-0.16
1953 May,-0.52
1953 Jun,-0.83
1953 Jul,-0.13
1953 Aug,-1.58
1953 Sep,-1.08
1953 Oct,-1.11
1953 Nov,-1.57
1953 Dec,-0.37
1954 Jan,-0.39
1954 Feb,-0.27
1954 Mar,0.01
1954 Apr,0.02
1954 May,-0.35
1954 Jun,-0.45
1954 Jul,-0.78
1954 Aug,0.88
1954 Sep,-1.1
1954 Oct,1.19
1954 Nov,-1.09
1954 Dec,0.28
1955 Jan,0.02
1955 Feb,0.74
1955 Mar,-0.42
1955 Apr,-0.21
1955 May,-0.15
1955 Jun,0.29
1955 Jul,-0.63
1955 Aug,-0.75
1955 Sep,-0.35
1955 Oct,1
1955 Nov,-0.46
1955 Dec,-1.79
1956 Jan,-1.33
1956 Feb,0.69
1956 Mar,-1.33
1956 Apr,0.1
1956 May,-0.11
1956 Jun,-0.94
1956 Jul,0.61
1956 Aug,0.45
1956 Sep,-1.2
1956 Oct,-1.96
1956 Nov,-0.18
1956 Dec,0.04
1957 Jan,0.21
1957 Feb,0.17
1957 Mar,-0.51
1957 Apr,1.43
1957 May,0.79
1957 Jun,0.88
1957 Jul,0.17
1957 Aug,-0.36
1957 Sep,-0.78
1957 Oct,0.63
1957 Nov,0.54
1957 Dec,1.18
1958 Jan,-0.18
1958 Feb,-1.26
1958 Mar,-0.93
1958 Apr,-0.5
1958 May,-0.86
1958 Jun,1.29
1958 Jul,1.75
1958 Aug,0.02
1958 Sep,-0.19
1958 Oct,-0.87
1958 Nov,0.46
1958 Dec,-1.82
1959 Jan,0.49
1959 Feb,0.69
1959 Mar,0.21
1959 Apr,-0.2
1959 May,-0.2
1959 Jun,-1.48
1959 Jul,0.07
1959 Aug,0.08
1959 Sep,0.39
1959 Oct,0.94
1959 Nov,-0.03
1959 Dec,0.29
1960 Jan,0.39
1960 Feb,0.51
1960 Mar,-0.1
1960 Apr,-0.32
1960 May,0.59
1960 Jun,0.81
1960 Jul,-0.02
1960 Aug,-0.32
1960 Sep,-1.12
1960 Oct,-0.21
1960 Nov,-0.28
1960 Dec,-0.72
1961 Jan,-1.55
1961 Feb,-0.19
1961 Mar,0.77
1961 Apr,0.22
1961 May,0.42
1961 Jun,-0.28
1961 Jul,1.02
1961 Aug,-0.08
1961 Sep,1.05
1961 Oct,0
1961 Nov,0.61
1961 Dec,0.09
1962 Jan,0.93
1962 Feb,0.31
1962 Mar,0.17
1962 Apr,-1.07
1962 May,-0.26
1962 Jun,-0.39
1962 Jul,0.77
1962 Aug,-0.64
1962 Sep,-0.16
1962 Oct,0.19
1962 Nov,-1.12
1962 Dec,-1.24
1963 Jan,-1.25
1963 Feb,-1.34
1963 Mar,0.94
1963 Apr,-0.65
1963 May,-0.45
1963 Jun,-1.21
1963 Jul,0.75
1963 Aug,0.05
1963 Sep,-1.1
1963 Oct,-2.17
1963 Nov,-0.34
1963 Dec,-1.28
1964 Jan,-0.54
1964 Feb,-0.55
1964 Mar,1.05
1964 Apr,1.02
1964 May,-1.5
1964 Jun,-0.27
1964 Jul,-0.13
1964 Aug,-0.43
1964 Sep,-0.2
1964 Oct,-1.58
1964 Nov,0.1
1964 Dec,-0.42
1965 Jan,1.34
1965 Feb,0.02
1965 Mar,0.16
1965 Apr,0.65
1965 May,-1.08
1965 Jun,-0.15
1965 Jul,0.17
1965 Aug,1.27
1965 Sep,1.52
1965 Oct,-0.73
1965 Nov,-1.29
1965 Dec,0.4
1966 Jan,-0.38
1966 Feb,0.2
1966 Mar,-0.97
1966 Apr,0.98
1966 May,0.62
1966 Jun,-0.75
1966 Jul,-1.06
1966 Aug,-0.07
1966 Sep,0.34
1966 Oct,-0.24
1966 Nov,0.42
1966 Dec,1.05
1967 Jan,0.09
1967 Feb,-0.56
1967 Mar,-0.55
1967 Apr,0.38
1967 May,0.22
1967 Jun,0.03
1967 Jul,0.66
1967 Aug,0.19
1967 Sep,0.07
1967 Oct,1.25
1967 Nov,-0.02
1967 Dec,1.33
1968 Jan,-0.32
1968 Feb,-0.58
1968 Mar,-1.05
1968 Apr,-0.24
1968 May,0.5
1968 Jun,-0.01
1968 Jul,0.02
1968 Aug,-0.18
1968 Sep,0.36
1968 Oct,-1.09
1968 Nov,1.02
1968 Dec,0.74
1969 Jan,1.15
1969 Feb,-0.96
1969 Mar,-0.45
1969 Apr,0.27
1969 May,-0.6
1969 Jun,0.99
1969 Jul,1.22
1969 Aug,-0.89
1969 Sep,0.27
1969 Oct,1.46
1969 Nov,-0.67
1969 Dec,-0.4
1970 Jan,-1.33
1970 Feb,-1.01
1970 Mar,-0.2
1970 Apr,0.96
1970 May,0.48
1970 Jun,0.86
1970 Jul,-0.2
1970 Aug,0.08
1970 Sep,1.39
1970 Oct,0.44
1970 Nov,-0.71
1970 Dec,-0.69
1971 Jan,-0.5
1971 Feb,1
1971 Mar,-0.86
1971 Apr,-1.49
1971 May,-0.1
1971 Jun,-0.94
1971 Jul,0.89
1971 Aug,-0.82
1971 Sep,-0.14
1971 Oct,-1.25
1971 Nov,-0.75
1971 Dec,1.78
1972 Jan,-0.85
1972 Feb,-0.75
1972 Mar,0.06
1972 Apr,1.02
1972 May,-0.88
1972 Jun,0.12
1972 Jul,0.31
1972 Aug,1.07
1972 Sep,0.78
1972 Oct,0.13
1972 Nov,1.1
1972 Dec,0.92
1973 Jan,-0.03
1973 Feb,-0.65
1973 Mar,1.42
1973 Apr,1.29
1973 May,0.7
1973 Jun,0.8
1973 Jul,0.34
1973 Aug,-0.93
1973 Sep,0.22
1973 Oct,0.31
1973 Nov,0.29
1973 Dec,1.3
1974 Jan,1.13
1974 Feb,0.42
1974 Mar,0.19
1974 Apr,0.04
1974 May,1.34
1974 Jun,1.1
1974 Jul,-1.18
1974 Aug,0.57
1974 Sep,0.14
1974 Oct,-0.5
1974 Nov,0.52
1974 Dec,0.02
1975 Jan,1.08
1975 Feb,1.13
1975 Mar,0.35
1975 Apr,0.63
1975 May,-0.24
1975 Jun,0
1975 Jul,-0.06
1975 Aug,0.88
1975 Sep,0.12
1975 Oct,-0.66
1975 Nov,-0.02
1975 Dec,0.39
1976 Jan,-0.84
1976 Feb,0.09
1976 Mar,0.88
1976 Apr,-0.68
1976 May,0.12
1976 Jun,-0.53
1976 Jul,-0.19
1976 Aug,-0.47
1976 Sep,-0.28
1976 Oct,0.68
1976 Nov,-1.24
1976 Dec,-1.81
1977 Jan,-0.73
1977 Feb,-0.45
1977 Mar,1.23
1977 Apr,-1.43
1977 May,-1.03
1977 Jun,-0.17
1977 Jul,-0.01
1977 Aug,1.69
1977 Sep,0.65
1977 Oct,0.92
1977 Nov,0.01
1977 Dec,0.41
1978 Jan,-0.61
1978 Feb,-1.26
1978 Mar,0.13
1978 Apr,0.08
1978 May,0.53
1978 Jun,-0.51
1978 Jul,0.64
1978 Aug,-0.02
1978 Sep,-0.54
1978 Oct,-0.24
1978 Nov,0.42
1978 Dec,0.62
1979 Jan,1.05
1979 Feb,-0.17
1979 Mar,1.09
1979 Apr,1.29
1979 May,-0.82
1979 Jun,-0.57
1979 Jul,0.97
1979 Aug,0.9
1979 Sep,-1.69
1979 Oct,-0.47
1979 Nov,0.52
1979 Dec,0
1980 Jan,-0.99
1980 Feb,-0.46
1980 Mar,0.41
1980 Apr,-0.5
1980 May,-0.62
1980 Jun,0.35
1980 Jul,-0.55
1980 Aug,0.61
1980 Sep,0.68
1980 Oct,-0.01
1980 Nov,-1.13
1980 Dec,-0.29
1981 Jan,-1.91
1981 Feb,0.55
1981 Mar,-1.42
1981 Apr,0.45
1981 May,1.02
1981 Jun,0.55
1981 Jul,1.09
1981 Aug,1.17
1981 Sep,-0.03
1981 Oct,0.08
1981 Nov,-0.69
1981 Dec,-0.33
1982 Jan,1.2
1982 Feb,-0.59
1982 Mar,0.61
1982 Apr,0.14
1982 May,-0.19
1982 Jun,0.32
1982 Jul,0.96
1982 Aug,0.16
1982 Sep,-0.1
1982 Oct,-0.02
1982 Nov,0.96
1982 Dec,2.19
1983 Jan,-1.42
1983 Feb,-0.64
1983 Mar,0.18
1983 Apr,1.39
1983 May,0.83
1983 Jun,-0.15
1983 Jul,-1.26
1983 Aug,-1.19
1983 Sep,-0.46
1983 Oct,0.89
1983 Nov,1.44
1983 Dec,0.92
1984 Jan,-1.24
1984 Feb,0.24
1984 Mar,0.88
1984 Apr,0.86
1984 May,0.67
1984 Jun,-1.08
1984 Jul,-0.08
1984 Aug,-1.26
1984 Sep,0.6
1984 Oct,0.86
1984 Nov,1.12
1984 Dec,0.85
1985 Jan,0.02
1985 Feb,1.34
1985 Mar,1.2
1985 Apr,-1.28
1985 May,-0.58
1985 Jun,0.31
1985 Jul,-0.2
1985 Aug,1.12
1985 Sep,-0.92
1985 Oct,0.5
1985 Nov,2.55
1985 Dec,0.26
1986 Jan,-2.03
1986 Feb,0.79
1986 Mar,-1.26
1986 Apr,-1.46
1986 May,0.19
1986 Jun,-0.22
1986 Jul,0.78
1986 Aug,-0.28
1986 Sep,1.07
1986 Oct,1.14
1986 Nov,-0.44
1986 Dec,-0.5
1987 Jan,-0.41
1987 Feb,-1.67
1987 Mar,-0.8
1987 Apr,-0.72
1987 May,-1.25
1987 Jun,-0.73
1987 Jul,0.21
1987 Aug,0.63
1987 Sep,-0.61
1987 Oct,-0.47
1987 Nov,0.57
1987 Dec,1.69
1988 Jan,0.14
1988 Feb,0.02
1988 Mar,0.15
1988 Apr,-1.04
1988 May,-1.45
1988 Jun,-1.86
1988 Jul,-0.77
1988 Aug,-1.11
1988 Sep,-0.64
1988 Oct,0.35
1988 Nov,1.39
1988 Dec,0.15
1989 Jan,-0.56
1989 Feb,-0.16
1989 Mar,-0.19
1989 Apr,-0.22
1989 May,-0.12
1989 Jun,-0.45
1989 Jul,0
1989 Aug,0.27
1989 Sep,0.93
1989 Oct,-0.86
1989 Nov,-0.92
1989 Dec,-1.38
1990 Jan,-0.07
1990 Feb,1.46
1990 Mar,0.13
1990 Apr,-0.42
1990 May,1.59
1990 Jun,0.91
1990 Jul,0.39
1990 Aug,0.36
1990 Sep,-0.95
1990 Oct,0.93
1990 Nov,0.74
1990 Dec,1.61
1991 Jan,-0.29
1991 Feb,-1.17
1991 Mar,0.56
1991 Apr,-0.44
1991 May,-0.1
1991 Jun,-1.6
1991 Jul,-1
1991 Aug,-0.52
1991 Sep,-0.05
1991 Oct,1.48
1991 Nov,0.92
1991 Dec,-0.09
1992 Jan,-0.69
1992 Feb,-0.49
1992 Mar,-0.41
1992 Apr,-0.27
1992 May,-1.4
1992 Jun,-0.96
1992 Jul,1.56
1992 Aug,-0.31
1992 Sep,0.85
1992 Oct,-0.86
1992 Nov,1.95
1992 Dec,0.5
1993 Jan,1.17
1993 Feb,0.04
1993 Mar,0.37
1993 Apr,1.08
1993 May,-0.46
1993 Jun,1.13
1993 Jul,1.09
1993 Aug,0.77
1993 Sep,1.75
1993 Oct,0.05
1993 Nov,0.83
1993 Dec,-0.63
1994 Jan,-0.04
1994 Feb,-0.03
1994 Mar,-1.28
1994 Apr,0.79
1994 May,-0.77
1994 Jun,-0.19
1994 Jul,-0.34
1994 Aug,0.41
1994 Sep,-0.31
1994 Oct,-0.65
1994 Nov,1.52
1994 Dec,-0.3
1995 Jan,0.96
1995 Feb,-0.98
1995 Mar,-0.53
1995 Apr,0.68
1995 May,1.78
1995 Jun,-0.4
1995 Jul,-0.44
1995 Aug,-0.01
1995 Sep,-0.87
1995 Oct,0.23
1995 Nov,0.25
1995 Dec,-0.88
1996 Jan,0.32
1996 Feb,-1.12
1996 Mar,-0.48
1996 Apr,0.65
1996 May,1.48
1996 Jun,0.16
1996 Jul,0.56
1996 Aug,-0.85
1996 Sep,0.03
1996 Oct,-0.14
1996 Nov,0.51
1996 Dec,-0.54
1997 Jan,0.48
1997 Feb,1.55
1997 Mar,-0.26
1997 Apr,-0.55
1997 May,0.42
1997 Jun,-0.04
1997 Jul,-0.68
1997 Aug,0.97
1997 Sep,-0.43
1997 Oct,-0.43
1997 Nov,0.1
1997 Dec,-0.21
1998 Jan,0.71
1998 Feb,0.38
1998 Mar,1.03
1998 Apr,0.72
1998 May,0.01
1998 Jun,1.39
1998 Jul,-0.07
1998 Aug,-0.18
1998 Sep,-0.94
1998 Oct,0.73
1998 Nov,-0.37
1998 Dec,-0.69
1999 Jan,1.36
1999 Feb,0.29
1999 Mar,-0.8
1999 Apr,0.96
1999 May,-0.27
1999 Jun,0.57
1999 Jul,-0.63
1999 Aug,-0.07
1999 Sep,-0.47
1999 Oct,-0.6
1999 Nov,-2.18
1999 Dec,0.47
2000 Jan,-0.42
2000 Feb,0.39
2000 Mar,-1.11
2000 Apr,-0.26
2000 May,-0.03
2000 Jun,1.4
2000 Jul,0.52
2000 Aug,-0.05
2000 Sep,0.38
2000 Oct,-0.54
2000 Nov,0.5
2000 Dec,-0.13
2001 Jan,-0.11
2001 Feb,1.2
2001 Mar,-1.06
2001 Apr,-0.84
2001 May,-0.08
2001 Jun,0.15
2001 Jul,0
2001 Aug,0.32
2001 Sep,0.23
2001 Oct,1.56
2001 Nov,-0.6
2001 Dec,0
2002 Jan,0.18
2002 Feb,0.17
2002 Mar,0.38
2002 Apr,0.8
2002 May,1.39
2002 Jun,-0.04
2002 Jul,-0.73
2002 Aug,0.29
2002 Sep,-0.84
2002 Oct,0.47
2002 Nov,-1.12
2002 Dec,-0.09
2003 Jan,-1.32
2003 Feb,-0.11
2003 Mar,-0.63
2003 Apr,-0.3
2003 May,0.94
2003 Jun,0.21
2003 Jul,0.74
2003 Aug,-0.77
2003 Sep,0.76
2003 Oct,-0.35
2003 Nov,1.09
2003 Dec,0.4
2004 Jan,-0.12
2004 Feb,-1.1
2004 Mar,0.71
2004 Apr,-1.29
2004 May,1.03
2004 Jun,-0.21
2004 Jul,0.47
2004 Aug,1.2
2004 Sep,-1.61
2004 Oct,1.02
2004 Nov,1.11
2004 Dec,-0.19
2005 Jan,1.78
2005 Feb,0.11
2005 Mar,-0.86
2005 Apr,-0.92
2005 May,-0.99
2005 Jun,-1.46
2005 Jul,-0.25
2005 Aug,0.04
2005 Sep,-0.09
2005 Oct,-0.99
2005 Nov,0.56
2005 Dec,-0.84
2006 Jan,0.56
2006 Feb,-0.99
2006 Mar,0.97
2006 Apr,-0.24
2006 May,-0.12
2006 Jun,-0.48
2006 Jul,0.1
2006 Aug,0.26
2006 Sep,0.26
2006 Oct,0.84
2006 Nov,0.29
2006 Dec,1.07
2007 Jan,0.73
2007 Feb,0.63
2007 Mar,-0.21
2007 Apr,0.22
2007 May,-1.41
2007 Jun,-0.07
2007 Jul,0.12
2007 Aug,-0.19
2007 Sep,-1.26
2007 Oct,0.15
2007 Nov,-0.7
2007 Dec,1.27
2008 Jan,0.46
2008 Feb,1.93
2008 Mar,0.5
2008 Apr,0.51
2008 May,0.83
2008 Jun,0.6
2008 Jul,1.12
2008 Aug,-0.62
2008 Sep,1.41
2008 Oct,-0.01
2008 Nov,-0.89
2008 Dec,1.5
2009 Jan,-0.9
2009 Feb,0.74
2009 Mar,0.61
2009 Apr,1.35
2009 May,0.74
2009 Jun,0.46
2009 Jul,0.91
2009 Aug,0.82
2009 Sep,-0.51
2009 Oct,2.21
2009 Nov,-0.39
2009 Dec,1.38
2010 Jan,-0.29
2010 Feb,-0.15
2010 Mar,-0.3
2010 Apr,-0.63
2010 May,0.56
2010 Jun,1.24
2010 Jul,0.61
2010 Aug,-0.43
2010 Sep,0.19
2010 Oct,-0.95
2010 Nov,0.16
2010 Dec,-0.29
2011 Jan,-0.48
2011 Feb,1.37
2011 Mar,-0.24
2011 Apr,1.52
2011 May,0.66
2011 Jun,0.94
2011 Jul,-0.44
2011 Aug,-0.95
2011 Sep,0.35
2011 Oct,-0.57
2011 Nov,1.23
2011 Dec,0.85
2012 Jan,-0.08
2012 Feb,-0.31
2012 Mar,-1.7
2012 Apr,-0.44
2012 May,-1.25
2012 Jun,-1.2
2012 Jul,-1.83
2012 Aug,0.03
2012 Sep,0.84
2012 Oct,0.87
2012 Nov,-1.08
2012 Dec,0.01
2013 Jan,1.28
2013 Feb,0.98
2013 Mar,0.1
2013 Apr,1.71
2013 May,0.9
2013 Jun,0.69
2013 Jul,-0.04
2013 Aug,-1.05
2013 Sep,-0.95
2013 Oct,0.38
2013 Nov,0.26
2013 Dec,0.13
2014 Jan,0.05
2014 Feb,0.7
2014 Mar,-0.7
2014 Apr,0.72
2014 May,-0.28
2014 Jun,1.02
2014 Jul,0.52
2014 Aug,1.03
2014 Sep,0.61
2014 Oct,0.91
2014 Nov,-0.18
2014 Dec,-0.42
2015 Jan,-0.32
2015 Feb,-0.17
2015 Mar,-0.41
2015 Apr,-0.26
2015 May,0.5
2015 Jun,1.92
2015 Jul,0.79
2015 Aug,0.03
2015 Sep,-0.1
2015 Oct,-0.92
2015 Nov,1.48
2015 Dec,2.08
2016 Jan,-1.01
2016 Feb,-0.58
2016 Mar,-0.05
2016 Apr,-0.27
2016 May,0.29
2016 Jun,-0.64
2016 Jul,1.44
2016 Aug,1.47
2016 Sep,-0.2
2016 Oct,-0.4
2016 Nov,-0.33
2016 Dec,-0.62
2017 Jan,0.28
2017 Feb,-1.62
2017 Mar,0.46
2017 Apr,1.23
2017 May,0.74
2017 Jun,-0.37
2017 Jul,0.6
2017 Aug,-0.18
2017 Sep,-1.64
2017 Oct,1.05
2017 Nov,-0.23
2017 Dec,-1.4
2018 Jan,-0.47
2018 Feb,2.07
2018 Mar,0.64
2018 Apr,-0.14
2018 May,-0.67
2018 Jun,0.88
2018 Jul,0.02
2018 Aug,0.91
2018 Sep,0.65
2018 Oct,0.65
2018 Nov,0.65
2018 Dec,0.75
2019 Jan,1.25
2019 Feb,1.2
2019 Mar,0.95
2019 Apr,0.59
2019 May,1.7
2019 Jun,0.74
2019 Jul,-0.18
2019 Aug,0.54
2019 Sep,0.26
2019 Oct,1.32
2019 Nov,0.17
2019 Dec,-0.14
2020 Jan,0.61
2020 Feb,0.03
2020 Mar,0.26
2020 Apr,-0.26
2020 May,0.37
2020 Jun,-0.31
2020 Jul,0.87
2020 Aug,-0.76
2020 Sep,0.09
2020 Oct,0.34
2020 Nov,-0.07
2020 Dec,0.02
2021 Jan,0.61
2021 Feb,0.05
2021 Mar,0.26
2021 Apr,-0.26
2021 May,0.37
2021 Jun,0.52
2021 Jul,0.79
2021 Aug,0.23
2021 Sep,-0.59
2021 Oct,1.45
2021 Nov,-1.32
2021 Dec,0.03
2022 Jan,-0.85
2022 Feb,1.18
2022 Mar,0.91
2022 Apr,0.22